﻿Designator,Quantity,Value,Footprint,Package,MPN,DNP,Mount_Type,MF,Description_1,MOUNT,VALUE,Availability,SnapEDA_Link,BATTERY-TYPE,MP,PART-NUMBER,DATASHEET-URL,Price,Check_prices,Description,MAXIMUM_PACKAGE_HEIGHT,STANDARD,PARTREV,MANUFACTURER,Height,Manufacturer_Name,Mouser Part Number,Mouser Price/Stock
B1,1,WA-BCMC,WA-BCMC_79523211,None,,,tht,Würth Elektronik,"
                        
                            Battery Retainer Coin, 20.0mm 1 Cell SMD (SMT) Tab
                        
",SMT,79523141,In Stock,https://www.snapeda.com/parts/79523141/W%25C3%25BCrth+Elektronik+Midcom/view-part/?ref=snap,"2016,2020,2025,2032",79523141,79523141,https://www.we-online.com/redexpert/spec/79523141?ae,None,https://www.snapeda.com/parts/79523141/W%25C3%25BCrth+Elektronik+Midcom/view-part/?ref=eda,,,,,,,,,
C1,1,DNP,C_0402_1005Metric,,,Yes,smt,,,,,,,,,,,,,Unpolarized capacitor,,,,,,,,
"C10, C11, C19, C24, C25, C26, C27, C29, C7, C9",10,100n,C_0402_1005Metric,,,,smt,,,,,,,,,,,,,Unpolarized capacitor,,,,,,,,
"C12, C13",2,6p,C_0402_1005Metric,,,,smt,,,,,,,,,,,,,Unpolarized capacitor,,,,,,,,
"C15, C30",2,3p,C_0201_0603Metric,,,,smt,,,,,,,,,,,,,Unpolarized capacitor,,,,,,,,
C18,1,20p,C_0402_1005Metric,,,,smt,,,,,,,,,,,,,Unpolarized capacitor,,,,,,,,
C2,1,DNP,C_0402_1005Metric,,,Yes,smt,,,,,,,,,,,,,Unpolarized capacitor,,,,,,,,
"C20, C21, C22",3,4.7u,C_0402_1005Metric,,,,smt,,,,,,,,,,,,,Unpolarized capacitor,,,,,,,,
C23,1,10u,C_0402_1005Metric,,,,smt,,,,,,,,,,,,,Unpolarized capacitor,,,,,,,,
C28,1,1u,C_0402_1005Metric,,,,smt,,,,,,,,,,,,,Unpolarized capacitor,,,,,,,,
C31,1,220n,C_0402_1005Metric,,,,smt,,,,,,,,,,,,,Unpolarized capacitor,,,,,,,,
D1,1,"LED, RED",LED_0603_1608Metric,,,,smt,,,,,,,,,,,,,Light emitting diode,,,,,,,,
E1,1,609-2450AT42E0100001,XDCR_2450AT42E0100E,FBGA-780 Johanson,,,smt,Johanson Technology,"
                        
                            2.4GHz Bluetooth, WLAN, Zigbee™ Chip RF Antenna 2.4GHz ~ 2.48GHz -2dBi Solder Surface Mount
                        
",,,,https://www.snapeda.com/parts/2450AT42E0100E/Johanson/view-part/?ref=snap,,2450AT42E0100E,,,,https://www.snapeda.com/parts/2450AT42E0100E/Johanson/view-part/?ref=eda,,1.7 mm,Manufacturer Recommendation,1.3,Johanson Technology,,,,
IC1,1,ICM-20948,ICM20948,,ICM-20948,,smt,,,,,,,,,,,,,IMUs - Inertial Measurement Units World\'s Lowest Power 9-Axis MEMS MotionTracking Device,,,,,1.05,TDK,410-ICM-20948,https://www.mouser.co.uk/ProductDetail/TDK-InvenSense/ICM-20948?qs=u4fy%2FsgLU9OtGc31yF%2Friw%3D%3D
IC3,1,MLPF-NRG-01D3,MLPFNRG01D3,,MLPF-NRG-01D3,,smt,,,,,,,,,,,,,"2.4 GHz Low Pass Filter matched to BLUENRG-LP-LPS (BLUENRG-3x5Vx, BLUENRG-3x5Ax, BLUENRG-332xx) in QFN & CSP packages",,,,,0.68,STMicroelectronics,511-MLPF-NRG-01D3,https://www.mouser.co.uk/ProductDetail/STMicroelectronics/MLPF-NRG-01D3?qs=T%252BzbugeAwjikYnc6oXMBiQ%3D%3D
J1,1,TC2030_SWD-MCP-NL,Tag-Connect_TC2030-IDC-NL_2x03_P1.27mm_Vertical,,,,tht,,,,,,,,,,,,,,,,,,,,,
L1,1,LQG15HN22NG02D - 22n,L_0402_1005Metric,,,,smt,,,,,,,,,,,,,Inductor,,,,,,,,
L2,1,LQM21DN100M70L - 10u,L_0805_2012Metric,,,,smt,,,,,,,,,,,,,Inductor,,,,,,,,
L3,1,DNP,L_0402_1005Metric,,,Yes,smt,,,,,,,,,,,,,Inductor,,,,,,,,
L4,1,81-DFE201612E-2R2MP2 - 2u2,L_Murata_DFE201610P,,,,smt,,,,,,,,,,,,,,,,,,,,,
R2,1,R,R_0402_1005Metric,,,,smt,,,,,,,,,,,,,Resistor,,,,,,,,
R3,1,100k,R_0402_1005Metric,,,,smt,,,,,,,,,,,,,Resistor,,,,,,,,
R4,1,470k,R_0402_1005Metric,,,,smt,,,,,,,,,,,,,Resistor,,,,,,,,
R5,1,220k,R_0402_1005Metric,,,,smt,,,,,,,,,,,,,Resistor,,,,,,,,
R6,1,0,R_0402_1005Metric,,,,smt,,,,,,,,,,,,,Resistor,,,,,,,,
"TP1, TP10, TP11, TP2, TP4, TP5, TP6, TP7, TP8, TP9",10,TestPoint,TestPoint_Pad_D1.0mm,,,,tht,,,,,,,,,,,,,test point,,,,,,,,
U2,1,TPS22960RSER,RSE0008A,,,,smt,,,,,,,,,,,,,,,,,,,,,
U3,1,TPS62840DLCR,VSON8_2P1X1P6_TEX,,,,smt,,,,,,,,,,,,,,,,,,,,,
U4,1,STM32WB09KEVx,QFN-32-1EP_5x5mm_P0.5mm_EP3.7x3.7mm,,,,smt,,,,,,,,,,,,,"STMicroelectronics Arm Cortex-M0+ MCU, 512KB flash, 64KB RAM, 20 GPIO, VFQFPN32",,,,,,,,
Y1,1,520-.327-6-1210-TR (32.768kHz),XTAL_ECS-.327-6-1210-TR,,,,smt,,,,,,,,,,,,,Two pin crystal,,,,,,,,
Y2,1,NX1612SA-32.000MHZ-CHP-CIS-3,OSCSC105P160X120X35-4N,,,,smt,,,,,,,,,,,,,"Four pin crystal, GND on pins 2 and 4",,,,,,,,
